filename,width,height,class,xmin,ymin,xmax,ymax
20180627_095634.jpg,5312,2988,Deo18,3498,412,3710,1341
20180627_095634.jpg,5312,2988,Deo8,1455,1904,1692,2752
20180627_095634.jpg,5312,2988,Deo20,1761,462,1971,1333
20180627_095634.jpg,5312,2988,Deo3,3872,1899,4090,2706
20180627_095634.jpg,5312,2988,Deo29,1142,1920,1355,2741
20180627_095634.jpg,5312,2988,Deo20,1440,478,1647,1378
20180627_095634.jpg,5312,2988,Deo31,2186,1883,2406,2754
20180627_095634.jpg,5312,2988,Deo20,3819,422,4026,1331
20180627_095634.jpg,5312,2988,Deo25,4218,1750,4433,2685
20180627_095634.jpg,5312,2988,Deo22,2119,446,2327,1336
20180627_095634.jpg,5312,2988,Deo19,4186,396,4401,1317
20180627_095634.jpg,5312,2988,Deo13,3182,452,3384,1336
20180627_095634.jpg,5312,2988,Deo23,2481,428,2685,1328
20180627_095634.jpg,5312,2988,Deo1,1062,478,1270,1360
20180627_095634.jpg,5312,2988,Deo16,3490,1865,3734,2725
20180627_095634.jpg,5312,2988,Deo36,1899,1936,2106,2728
20180627_095634.jpg,5312,2988,Deo17,2802,446,3020,1355
20180627_095634.jpg,5312,2988,Deo14,2866,1920,3068,2736
20180627_095634.jpg,5312,2988,Deo17,3171,1793,3381,2717
20180627_095634.jpg,5312,2988,Deo9,2507,2011,2744,2749
20180627_095634.jpg,5312,2988,Deo-1,361,717,560,1339
20180627_095729.jpg,5312,2988,Deo19,1992,1323,2207,2436
20180627_095729.jpg,5312,2988,Deo19,1556,1365,1780,2438
20180627_095729.jpg,5312,2988,Deo20,4019,1331,4236,2444
20180627_095729.jpg,5312,2988,Deo20,1177,1376,1410,2483
20180627_095729.jpg,5312,2988,Deo23,4499,1283,4717,2433
20180627_095729.jpg,5312,2988,Deo21,752,1397,964,2433
20180627_095729.jpg,5312,2988,Deo23,2412,1365,2627,2430
20180627_095729.jpg,5312,2988,Deo18,3641,1376,3862,2481
20180627_095729.jpg,5312,2988,Deo17,2807,1413,3015,2406
20180627_095729.jpg,5312,2988,Deo13,3248,1389,3463,2441
20180627_095945.jpg,5312,2988,Deo23,4457,884,4683,2024
20180627_095945.jpg,5312,2988,Deo3,4032,1052,4244,1995
20180627_095945.jpg,5312,2988,Deo8,1081,1049,1336,2064
20180627_095945.jpg,5312,2988,Deo31,1960,1046,2202,2064
20180627_095945.jpg,5312,2988,Deo14,2791,1110,3004,2021
20180627_095945.jpg,5312,2988,Deo36,1602,1094,1811,2011
20180627_095945.jpg,5312,2988,Deo9,2343,1187,2614,2037
20180627_095945.jpg,5312,2988,Deo29,656,943,887,2019
20180627_095945.jpg,5312,2988,Deo16,3570,1068,3806,2050
20180627_095945.jpg,5312,2988,Deo-1,1041,13,1243,374
20180627_095945.jpg,5312,2988,Deo17,3179,932,3389,1965
20180627_095945.jpg,5312,2988,Deo-1,1461,24,1641,364
20180627_095945.jpg,5312,2988,Deo-1,4003,16,4207,372
20180627_095945.jpg,5312,2988,Deo-1,582,16,776,372
20180627_095945.jpg,5312,2988,Deo-1,869,2226,1070,2932
20180627_095945.jpg,5312,2988,Deo-1,4515,0,4704,340
20180627_095945.jpg,5312,2988,Deo-1,3222,50,3408,382
20180627_095945.jpg,5312,2988,Deo-1,2353,16,2547,345
20180627_095945.jpg,5312,2988,Deo33,1902,24,2104,303
20180627_095945.jpg,5312,2988,Deo-1,2760,42,2977,284
20180627_095945.jpg,5312,2988,Deo-1,3655,29,3854,308
20180627_100028.jpg,5312,2988,Deo3,1121,1033,1347,2048
20180627_100028.jpg,5312,2988,Deo25,627,871,839,2011
20180627_100028.jpg,5312,2988,Deo31,1926,1038,2157,2056
20180627_100028.jpg,5312,2988,Deo36,3511,1084,3745,2019
20180627_100028.jpg,5312,2988,Deo29,4390,1046,4624,2016
20180627_100028.jpg,5312,2988,Deo8,4016,1023,4266,2061
20180627_100028.jpg,5312,2988,Deo14,2768,1094,2969,2042
20180627_100028.jpg,5312,2988,Deo9,2292,1208,2555,2069
20180627_100028.jpg,5312,2988,Deo45,1031,11,1230,369
20180627_100028.jpg,5312,2988,Deo16,1509,1126,1718,1989
20180627_100028.jpg,5312,2988,Deo23,4507,13,4690,335
20180627_100028.jpg,5312,2988,Deo17,3182,930,3378,1910
20180627_100028.jpg,5312,2988,Deo-1,1450,21,1631,364
20180627_100028.jpg,5312,2988,Deo19,4000,16,4202,374
20180627_100028.jpg,5312,2988,Deo-1,858,2255,1068,2948
20180627_100028.jpg,5312,2988,Deo-1,3216,48,3402,382
20180627_100028.jpg,5312,2988,Deo-1,566,19,757,380
20180627_100028.jpg,5312,2988,Deo-1,2343,19,2539,348
20180627_100028.jpg,5312,2988,Deo33,1899,27,2101,305
20180627_100028.jpg,5312,2988,Deo-1,2757,40,2972,311
20180627_100206.jpg,5312,2988,Deo19,3272,1206,3485,2239
20180627_100206.jpg,5312,2988,Deo20,4037,1169,4250,2255
20180627_100206.jpg,5312,2988,Deo20,1235,1214,1445,2279
20180627_100206.jpg,5312,2988,Deo20,1625,1201,1843,2274
20180627_100206.jpg,5312,2988,Deo19,786,1195,996,2260
20180627_100206.jpg,5312,2988,Deo22,2446,1179,2672,2287
20180627_100206.jpg,5312,2988,Deo21,2074,1201,2289,2242
20180627_100206.jpg,5312,2988,Deo18,3684,1275,3912,2220
20180627_100206.jpg,5312,2988,Deo39,3291,2773,3509,2988
20180627_100206.jpg,5312,2988,Deo13,4510,1198,4717,2231
20180627_100206.jpg,5312,2988,Deo17,2855,1185,3076,2271
20180627_100206.jpg,5312,2988,Deo-1,831,2754,1049,2988
20180627_100206.jpg,5312,2988,Deo-1,4220,0,4390,651
20180627_100253.jpg,5312,2988,Deo3,1546,1963,1750,2720
20180627_100253.jpg,5312,2988,Deo18,3376,622,3578,1455
20180627_100253.jpg,5312,2988,Deo8,3694,1960,3904,2698
20180627_100253.jpg,5312,2988,Deo13,4011,648,4223,1424
20180627_100253.jpg,5312,2988,Deo29,3987,1963,4191,2706
20180627_100253.jpg,5312,2988,Deo31,2151,1947,2353,2738
20180627_100253.jpg,5312,2988,Deo20,1506,624,1710,1469
20180627_100253.jpg,5312,2988,Deo23,1814,643,2021,1440
20180627_100253.jpg,5312,2988,Deo36,3352,2011,3554,2717
20180627_100253.jpg,5312,2988,Deo1,3081,632,3275,1421
20180627_100253.jpg,5312,2988,Deo25,1193,1830,1397,2704
20180627_100253.jpg,5312,2988,Deo23,3665,629,3870,1455
20180627_100253.jpg,5312,2988,Deo14,2770,1976,2967,2712
20180627_100253.jpg,5312,2988,Deo16,1835,1926,2050,2730
20180627_100253.jpg,5312,2988,Deo17,3068,1841,3267,2706
20180627_100253.jpg,5312,2988,Deo9,2449,2114,2656,2706
20180627_100253.jpg,5312,2988,Deo18,2754,645,2961,1455
20180627_100253.jpg,5312,2988,Deo22,2451,616,2656,1445
20180627_100253.jpg,5312,2988,Deo21,2157,645,2353,1469
20180627_100253.jpg,5312,2988,Deo23,1193,651,1394,1455
20180627_100421.jpg,5312,2988,Deo20,1639,1479,1854,2555
20180627_100421.jpg,5312,2988,Deo20,1230,1501,1463,2574
20180627_100421.jpg,5312,2988,Deo20,2088,1514,2303,2560
20180627_100421.jpg,5312,2988,Deo20,834,1490,1060,2566
20180627_100421.jpg,5312,2988,Deo23,4441,1479,4656,2558
20180627_100421.jpg,5312,2988,Deo18,3647,1498,3864,2582
20180627_100421.jpg,5312,2988,Deo19,2462,1463,2685,2552
20180627_100421.jpg,5312,2988,Deo13,4026,1522,4266,2603
20180627_100421.jpg,5312,2988,Deo17,3251,1461,3471,2590
20180627_100421.jpg,5312,2988,Deo17,2821,1450,3036,2592
20180627_100421.jpg,5312,2988,Deo37,4218,19,4420,985
20180627_100644.jpg,5312,2988,Deo3,1400,1960,1610,2757
20180627_100644.jpg,5312,2988,Deo31,3819,1936,4021,2741
20180627_100644.jpg,5312,2988,Deo25,3121,1822,3325,2741
20180627_100644.jpg,5312,2988,Deo18,3405,523,3620,1410
20180627_100644.jpg,5312,2988,Deo20,1761,534,1965,1392
20180627_100644.jpg,5312,2988,Deo40,2133,526,2332,1394
20180627_100644.jpg,5312,2988,Deo29,4111,1960,4327,2730
20180627_100644.jpg,5312,2988,Deo8,2109,1960,2321,2768
20180627_100644.jpg,5312,2988,Deo13,3732,547,3947,1392
20180627_100644.jpg,5312,2988,Deo20,1424,534,1633,1426
20180627_100644.jpg,5312,2988,Deo23,2433,537,2643,1384
20180627_100644.jpg,5312,2988,Deo20,1100,1843,1301,2752
20180627_100644.jpg,5312,2988,Deo36,3416,1992,3633,2752
20180627_100644.jpg,5312,2988,Deo20,1097,534,1299,1410
20180627_100644.jpg,5312,2988,Deo16,1702,1904,1936,2805
20180627_100644.jpg,5312,2988,Deo17,3070,513,3293,1432
20180627_100644.jpg,5312,2988,Deo23,4053,531,4268,1392
20180627_100644.jpg,5312,2988,Deo18,2730,552,2938,1408
20180627_100644.jpg,5312,2988,Deo14,2765,1963,2985,2762
20180627_100644.jpg,5312,2988,Deo9,2428,2138,2640,2741
20180627_100644.jpg,5312,2988,Deo-1,351,722,544,1360
20180627_100803.jpg,5312,2988,Deo18,3405,537,3615,1408
20180627_100803.jpg,5312,2988,Deo3,1400,1965,1615,2754
20180627_100803.jpg,5312,2988,Deo31,3819,1939,4021,2749
20180627_100803.jpg,5312,2988,Deo25,2749,534,2953,1402
20180627_100803.jpg,5312,2988,Deo23,1774,547,1981,1384
20180627_100803.jpg,5312,2988,Deo8,2109,1965,2321,2760
20180627_100803.jpg,5312,2988,Deo19,2135,531,2335,1394
20180627_100803.jpg,5312,2988,Deo29,4111,1960,4327,2733
20180627_100803.jpg,5312,2988,Deo23,3716,539,3920,1410
20180627_100803.jpg,5312,2988,Deo13,1357,558,1564,1392
20180627_100803.jpg,5312,2988,Deo17,1031,1867,1243,2752
20180627_100803.jpg,5312,2988,Deo23,2438,523,2648,1392
20180627_100803.jpg,5312,2988,Deo23,3086,537,3296,1402
20180627_100803.jpg,5312,2988,Deo16,1708,1907,1936,2786
20180627_100803.jpg,5312,2988,Deo23,993,537,1195,1397
20180627_100803.jpg,5312,2988,Deo17,3092,1851,3307,2741
20180627_100803.jpg,5312,2988,Deo32,3416,2000,3633,2738
20180627_100803.jpg,5312,2988,Deo14,2768,1965,2988,2762
20180627_100803.jpg,5312,2988,Deo9,2428,2138,2643,2744
20180627_100803.jpg,5312,2988,Deo3,4029,539,4236,1400
20180627_100803.jpg,5312,2988,Deo-1,351,722,544,1370
20180627_100907.jpg,5312,2988,Deo18,3418,526,3628,1418
20180627_100907.jpg,5312,2988,Deo25,2762,518,2964,1402
20180627_100907.jpg,5312,2988,Deo23,2109,1841,2321,2762
20180627_100907.jpg,5312,2988,Deo8,3724,651,3947,1416
20180627_100907.jpg,5312,2988,Deo3,4058,616,4274,1392
20180627_100907.jpg,5312,2988,Deo23,4066,1833,4284,2741
20180627_100907.jpg,5312,2988,Deo19,1450,523,1655,1384
20180627_100907.jpg,5312,2988,Deo19,1038,523,1238,1408
20180627_100907.jpg,5312,2988,Deo31,1833,635,2032,1408
20180627_100907.jpg,5312,2988,Deo29,2122,619,2332,1400
20180627_100907.jpg,5312,2988,Deo17,1044,1843,1267,2760
20180627_100907.jpg,5312,2988,Deo13,1410,1854,1620,2749
20180627_100907.jpg,5312,2988,Deo1,3737,1841,3947,2754
20180627_100907.jpg,5312,2988,Deo14,2783,1955,2988,2746
20180627_100907.jpg,5312,2988,Deo23,2454,529,2661,1405
20180627_100907.jpg,5312,2988,Deo36,3440,1992,3647,2752
20180627_100907.jpg,5312,2988,Deo16,1780,1923,2011,2781
20180627_100907.jpg,5312,2988,Deo23,3097,515,3299,1392
20180627_100907.jpg,5312,2988,Deo9,2444,2119,2661,2717
20180627_100907.jpg,5312,2988,Deo17,3113,1827,3320,2760
20180627_100907.jpg,5312,2988,Deo-1,359,754,552,1386
20180627_101028.jpg,5312,2988,Deo18,3421,518,3631,1408
20180627_101028.jpg,5312,2988,Deo25,2762,510,2967,1400
20180627_101028.jpg,5312,2988,Deo23,2104,1827,2311,2754
20180627_101028.jpg,5312,2988,Deo3,4066,629,4276,1386
20180627_101028.jpg,5312,2988,Deo8,3729,640,3952,1405
20180627_101028.jpg,5312,2988,Deo23,1761,1841,1973,2730
20180627_101028.jpg,5312,2988,Deo23,1054,1843,1267,2741
20180627_101028.jpg,5312,2988,Deo31,1817,637,2024,1394
20180627_101028.jpg,5312,2988,Deo23,4066,1825,4284,2738
20180627_101028.jpg,5312,2988,Deo16,1455,590,1705,1402
20180627_101028.jpg,5312,2988,Deo29,2130,624,2337,1405
20180627_101028.jpg,5312,2988,Deo21,3734,1827,3947,2749
20180627_101028.jpg,5312,2988,Deo36,3434,1984,3647,2741
20180627_101028.jpg,5312,2988,Deo14,2791,1957,2991,2746
20180627_101028.jpg,5312,2988,Deo13,1402,1862,1612,2752
20180627_101028.jpg,5312,2988,Deo23,2454,513,2667,1400
20180627_101028.jpg,5312,2988,Deo23,3108,499,3309,1402
20180627_101028.jpg,5312,2988,Deo17,2417,1819,2635,2762
20180627_101028.jpg,5312,2988,Deo17,3110,1822,3325,2754
20180627_101028.jpg,5312,2988,Deo9,1089,823,1301,1405
20180627_101028.jpg,5312,2988,Deo-1,359,706,550,1349
20180627_101135.jpg,5312,2988,Deo18,3461,491,3673,1381
20180627_101135.jpg,5312,2988,Deo8,1105,614,1315,1381
20180627_101135.jpg,5312,2988,Deo23,2478,518,2680,1344
20180627_101135.jpg,5312,2988,Deo23,2141,1814,2351,2725
20180627_101135.jpg,5312,2988,Deo23,1803,1817,2016,2698
20180627_101135.jpg,5312,2988,Deo25,2794,497,2999,1370
20180627_101135.jpg,5312,2988,Deo3,1474,616,1687,1376
20180627_101135.jpg,5312,2988,Deo13,1434,1833,1649,2722
20180627_101135.jpg,5312,2988,Deo20,4109,1819,4319,2688
20180627_101135.jpg,5312,2988,Deo22,1142,1801,1352,2736
20180627_101135.jpg,5312,2988,Deo31,1825,616,2027,1370
20180627_101135.jpg,5312,2988,Deo23,3777,1817,3987,2736
20180627_101135.jpg,5312,2988,Deo36,3474,1963,3687,2717
20180627_101135.jpg,5312,2988,Deo16,3769,622,3989,1370
20180627_101135.jpg,5312,2988,Deo23,3142,489,3344,1370
20180627_101135.jpg,5312,2988,Deo17,3155,1795,3362,2736
20180627_101135.jpg,5312,2988,Deo17,2454,1785,2672,2733
20180627_101135.jpg,5312,2988,Deo14,2122,629,2343,1392
20180627_101135.jpg,5312,2988,Deo29,2789,1894,3012,2738
20180627_101135.jpg,5312,2988,Deo9,4133,815,4356,1368
20180627_101238.jpg,5312,2988,Deo3,1426,1918,1631,2736
20180627_101238.jpg,5312,2988,Deo8,1113,1957,1323,2738
20180627_101238.jpg,5312,2988,Deo23,2135,1830,2348,2733
20180627_101238.jpg,5312,2988,Deo18,3453,499,3660,1400
20180627_101238.jpg,5312,2988,Deo13,1493,521,1705,1397
20180627_101238.jpg,5312,2988,Deo19,2470,523,2675,1376
20180627_101238.jpg,5312,2988,Deo19,1801,1835,2013,2714
20180627_101238.jpg,5312,2988,Deo25,2789,497,2993,1386
20180627_101238.jpg,5312,2988,Deo31,1811,635,2024,1424
20180627_101238.jpg,5312,2988,Deo16,3785,1902,4029,2738
20180627_101238.jpg,5312,2988,Deo23,3825,526,4024,1394
20180627_101238.jpg,5312,2988,Deo36,3474,1971,3689,2725
20180627_101238.jpg,5312,2988,Deo23,3131,499,3341,1378
20180627_101238.jpg,5312,2988,Deo17,3150,1819,3360,2728
20180627_101238.jpg,5312,2988,Deo21,4173,510,4396,1347
20180627_101238.jpg,5312,2988,Deo14,2125,627,2335,1386
20180627_101238.jpg,5312,2988,Deo17,2451,1806,2669,2757
20180627_101238.jpg,5312,2988,Deo34,2794,1963,2999,2765
20180627_101238.jpg,5312,2988,Deo22,1177,523,1378,1418
20180627_101238.jpg,5312,2988,Deo9,4151,2130,4361,2720
20180627_101238.jpg,5312,2988,Deo-1,396,701,590,1349
20180627_101355.jpg,5312,2988,Deo3,1434,1942,1647,2736
20180627_101355.jpg,5312,2988,Deo25,2799,497,3001,1394
20180627_101355.jpg,5312,2988,Deo23,2489,1825,2698,2706
20180627_101355.jpg,5312,2988,Deo8,1761,661,1979,1416
20180627_101355.jpg,5312,2988,Deo18,3485,505,3684,1402
20180627_101355.jpg,5312,2988,Deo20,2143,1830,2353,2744
20180627_101355.jpg,5312,2988,Deo29,3068,611,3272,1402
20180627_101355.jpg,5312,2988,Deo31,1062,1934,1286,2744
20180627_101355.jpg,5312,2988,Deo23,1806,1835,2019,2712
20180627_101355.jpg,5312,2988,Deo13,1429,542,1649,1389
20180627_101355.jpg,5312,2988,Deo17,4133,534,4353,1363
20180627_101355.jpg,5312,2988,Deo21,3182,1822,3392,2733
20180627_101355.jpg,5312,2988,Deo36,3485,1971,3697,2725
20180627_101355.jpg,5312,2988,Deo16,3793,1920,4034,2730
20180627_101355.jpg,5312,2988,Deo20,3833,537,4037,1378
20180627_101355.jpg,5312,2988,Deo17,2462,544,2677,1413
20180627_101355.jpg,5312,2988,Deo14,2098,611,2321,1402
20180627_101355.jpg,5312,2988,Deo23,1089,529,1304,1426
20180627_101355.jpg,5312,2988,Deo23,2839,1814,3046,2720
20180627_101355.jpg,5312,2988,Deo9,4175,2127,4377,2712
20180627_101355.jpg,5312,2988,Deo-1,0,2088,523,2637
20180627_101457.jpg,5312,2988,Deo18,3479,518,3684,1402
20180627_101457.jpg,5312,2988,Deo8,1774,624,1987,1389
20180627_101457.jpg,5312,2988,Deo20,2491,1841,2701,2709
20180627_101457.jpg,5312,2988,Deo23,1405,534,1612,1402
20180627_101457.jpg,5312,2988,Deo3,1434,1944,1652,2733
20180627_101457.jpg,5312,2988,Deo23,1817,1835,2027,2712
20180627_101457.jpg,5312,2988,Deo23,2146,1822,2359,2749
20180627_101457.jpg,5312,2988,Deo31,3155,1918,3368,2757
20180627_101457.jpg,5312,2988,Deo17,4133,550,4356,1368
20180627_101457.jpg,5312,2988,Deo20,4141,1827,4348,2741
20180627_101457.jpg,5312,2988,Deo16,3809,1888,4042,2741
20180627_101457.jpg,5312,2988,Deo13,2760,555,2967,1394
20180627_101457.jpg,5312,2988,Deo22,3094,544,3312,1378
20180627_101457.jpg,5312,2988,Deo29,1110,600,1317,1405
20180627_101457.jpg,5312,2988,Deo21,1105,1817,1307,2736
20180627_101457.jpg,5312,2988,Deo14,2096,653,2297,1400
20180627_101457.jpg,5312,2988,Deo17,2398,534,2608,1424
20180627_101457.jpg,5312,2988,Deo23,2845,1806,3044,2738
20180627_101457.jpg,5312,2988,Deo36,3485,1971,3702,2738
20180627_101457.jpg,5312,2988,Deo9,3769,773,3981,1402
20180627_101720.jpg,5312,2988,Deo18,3323,497,3525,1352
20180627_101720.jpg,5312,2988,Deo3,2826,1870,3030,2624
20180627_101720.jpg,5312,2988,Deo25,3394,1756,3599,2659
20180627_101720.jpg,5312,2988,Deo8,2064,653,2268,1357
20180627_101720.jpg,5312,2988,Deo31,1469,675,1673,1365
20180627_101720.jpg,5312,2988,Deo20,4101,1787,4311,2706
20180627_101720.jpg,5312,2988,Deo17,1509,1761,1718,2574
20180627_101720.jpg,5312,2988,Deo23,3110,1748,3315,2653
20180627_101720.jpg,5312,2988,Deo51,4061,465,4263,1331
20180627_101720.jpg,5312,2988,Deo13,2661,552,2861,1352
20180627_101720.jpg,5312,2988,Deo23,4396,1803,4603,2661
20180627_101720.jpg,5312,2988,Deo19,4443,478,4653,1320
20180627_101720.jpg,5312,2988,Deo29,1737,643,1944,1384
20180627_101720.jpg,5312,2988,Deo17,1817,1782,2037,2592
20180627_101720.jpg,5312,2988,Deo22,3020,502,3230,1328
20180627_101720.jpg,5312,2988,Deo36,3713,1928,3926,2683
20180627_101720.jpg,5312,2988,Deo14,2356,637,2563,1370
20180627_101720.jpg,5312,2988,Deo9,3612,754,3819,1333
20180627_101720.jpg,5312,2988,Deo16,2513,1878,2717,2637
20180627_101742.jpg,5312,2988,Deo8,2058,648,2268,1355
20180627_101742.jpg,5312,2988,Deo18,3323,489,3522,1349
20180627_101742.jpg,5312,2988,Deo3,2829,1870,3030,2624
20180627_101742.jpg,5312,2988,Deo25,3394,1761,3599,2651
20180627_101742.jpg,5312,2988,Deo20,4104,1785,4311,2704
20180627_101742.jpg,5312,2988,Deo31,4358,526,4560,1299
20180627_101742.jpg,5312,2988,Deo17,1514,1774,1721,2576
20180627_101742.jpg,5312,2988,Deo20,3110,1740,3315,2648
20180627_101742.jpg,5312,2988,Deo29,3997,566,4212,1333
20180627_101742.jpg,5312,2988,Deo1,1764,587,1965,1336
20180627_101742.jpg,5312,2988,Deo13,2661,550,2858,1355
20180627_101742.jpg,5312,2988,Deo20,4398,1780,4608,2709
20180627_101742.jpg,5312,2988,Deo17,1817,1785,2037,2592
20180627_101742.jpg,5312,2988,Deo20,1485,552,1692,1341
20180627_101742.jpg,5312,2988,Deo32,3716,1923,3928,2675
20180627_101742.jpg,5312,2988,Deo22,3017,518,3230,1325
20180627_101742.jpg,5312,2988,Deo14,2356,637,2560,1363
20180627_101742.jpg,5312,2988,Deo9,3623,770,3830,1352
20180627_101742.jpg,5312,2988,Deo16,2521,1878,2722,2640
20180627_101742.jpg,5312,2988,Deo23,2159,1764,2356,2608
20180627_101818.jpg,5312,2988,Deo18,3317,486,3527,1349
20180627_101818.jpg,5312,2988,Deo25,3397,1753,3602,2656
20180627_101818.jpg,5312,2988,Deo3,2829,1872,3033,2627
20180627_101818.jpg,5312,2988,Deo8,2064,653,2268,1360
20180627_101818.jpg,5312,2988,Deo13,2669,534,2879,1355
20180627_101818.jpg,5312,2988,Deo31,4364,550,4560,1312
20180627_101818.jpg,5312,2988,Deo23,1785,1764,1979,2611
20180627_101818.jpg,5312,2988,Deo23,2977,510,3179,1325
20180627_101818.jpg,5312,2988,Deo18,4337,1801,4558,2669
20180627_101818.jpg,5312,2988,Deo23,1745,552,1950,1331
20180627_101818.jpg,5312,2988,Deo29,4000,563,4212,1331
20180627_101818.jpg,5312,2988,Deo37,3110,1745,3312,2656
20180627_101818.jpg,5312,2988,Deo18,4016,1798,4226,2667
20180627_101818.jpg,5312,2988,Deo23,1517,1758,1708,2603
20180627_101818.jpg,5312,2988,Deo32,3718,1934,3934,2685
20180627_101818.jpg,5312,2988,Deo16,2521,1880,2725,2632
20180627_101818.jpg,5312,2988,Deo9,3625,768,3838,1347
20180627_101818.jpg,5312,2988,Deo14,2364,627,2558,1365
20180627_101818.jpg,5312,2988,Deo23,2165,1750,2361,2608
20180627_101818.jpg,5312,2988,Deo22,1466,547,1671,1339
20180627_101846.jpg,5312,2988,Deo8,2061,653,2266,1360
20180627_101846.jpg,5312,2988,Deo18,3320,483,3527,1349
20180627_101846.jpg,5312,2988,Deo31,4332,1896,4539,2691
20180627_101846.jpg,5312,2988,Deo25,3394,1750,3599,2659
20180627_101846.jpg,5312,2988,Deo3,2834,1870,3036,2624
20180627_101846.jpg,5312,2988,Deo16,1434,656,1649,1368
20180627_101846.jpg,5312,2988,Deo20,2465,1756,2667,2624
20180627_101846.jpg,5312,2988,Deo29,4003,555,4218,1328
20180627_101846.jpg,5312,2988,Deo23,2977,513,3179,1325
20180627_101846.jpg,5312,2988,Deo23,1772,1750,1973,2598
20180627_101846.jpg,5312,2988,Deo13,2667,537,2879,1349
20180627_101846.jpg,5312,2988,Deo17,4308,483,4528,1317
20180627_101846.jpg,5312,2988,Deo37,3113,1740,3312,2661
20180627_101846.jpg,5312,2988,Deo23,1742,603,1952,1328
20180627_101846.jpg,5312,2988,Deo18,4016,1774,4223,2683
20180627_101846.jpg,5312,2988,Deo36,3726,1934,3942,2677
20180627_101846.jpg,5312,2988,Deo9,3623,776,3838,1347
20180627_101846.jpg,5312,2988,Deo23,2167,1742,2361,2606
20180627_101846.jpg,5312,2988,Deo14,2356,640,2566,1376
20180627_101846.jpg,5312,2988,Deo22,1477,1764,1687,2563
20180627_101846.jpg,5312,2988,Deo-1,930,706,1116,1365
20180627_101955.jpg,5312,2988,Deo3,2805,1846,3015,2616
20180627_101955.jpg,5312,2988,Deo18,3331,470,3540,1336
20180627_101955.jpg,5312,2988,Deo23,3405,1748,3607,2632
20180627_101955.jpg,5312,2988,Deo8,2072,622,2279,1344
20180627_101955.jpg,5312,2988,Deo23,2475,1737,2677,2611
20180627_101955.jpg,5312,2988,Deo23,3724,1772,3934,2653
20180627_101955.jpg,5312,2988,Deo29,4024,547,4234,1333
20180627_101955.jpg,5312,2988,Deo31,1734,656,1942,1360
20180627_101955.jpg,5312,2988,Deo19,2985,491,3185,1317
20180627_101955.jpg,5312,2988,Deo17,4321,467,4542,1301
20180627_101955.jpg,5312,2988,Deo13,2677,526,2890,1341
20180627_101955.jpg,5312,2988,Deo32,1442,680,1647,1349
20180627_101955.jpg,5312,2988,Deo20,3118,1750,3320,2640
20180627_101955.jpg,5312,2988,Deo18,4029,1753,4247,2685
20180627_101955.jpg,5312,2988,Deo16,4390,1883,4635,2714
20180627_101955.jpg,5312,2988,Deo37,1780,1740,1979,2584
20180627_101955.jpg,5312,2988,Deo23,2173,1734,2377,2608
20180627_101955.jpg,5312,2988,Deo14,2369,622,2576,1365
20180627_101955.jpg,5312,2988,Deo9,3641,720,3849,1301
20180627_101955.jpg,5312,2988,Deo22,1485,1745,1679,2576
20180627_102018.jpg,5312,2988,Deo3,2364,1875,2568,2616
20180627_102018.jpg,5312,2988,Deo8,1602,629,1811,1376
20180627_102018.jpg,5312,2988,Deo20,1275,1780,1474,2704
20180627_102018.jpg,5312,2988,Deo18,2815,576,3017,1376
20180627_102018.jpg,5312,2988,Deo20,2034,1769,2242,2653
20180627_102018.jpg,5312,2988,Deo25,2903,1740,3097,2576
20180627_102018.jpg,5312,2988,Deo18,3405,1761,3604,2529
20180627_102018.jpg,5312,2988,Deo13,2242,552,2441,1370
20180627_102018.jpg,5312,2988,Deo31,1198,598,1397,1336
20180627_102018.jpg,5312,2988,Deo16,3665,1843,3867,2510
20180627_102018.jpg,5312,2988,Deo19,3155,1750,3355,2547
20180627_102018.jpg,5312,2988,Deo23,2534,550,2725,1333
20180627_102018.jpg,5312,2988,Deo9,3084,847,3296,1370
20180627_102018.jpg,5312,2988,Deo29,3357,672,3554,1381
20180627_102018.jpg,5312,2988,Deo23,1724,1780,1928,2661
20180627_102018.jpg,5312,2988,Deo18,3599,627,3801,1355
20180627_102018.jpg,5312,2988,Deo22,884,1801,1097,2714
20180627_102018.jpg,5312,2988,Deo23,2648,1740,2842,2568
20180627_102018.jpg,5312,2988,Deo36,839,629,1052,1360
20180627_102018.jpg,5312,2988,Deo14,1928,624,2130,1363
20180627_102018.jpg,5312,2988,Deo-1,3408,32,3575,297
20180627_102051.jpg,5312,2988,Deo8,1588,624,1806,1373
20180627_102051.jpg,5312,2988,Deo3,2364,1867,2568,2608
20180627_102051.jpg,5312,2988,Deo18,2813,563,3017,1370
20180627_102051.jpg,5312,2988,Deo29,3352,677,3551,1363
20180627_102051.jpg,5312,2988,Deo23,2903,1732,3092,2571
20180627_102051.jpg,5312,2988,Deo31,2011,1851,2218,2653
20180627_102051.jpg,5312,2988,Deo18,3405,1758,3604,2529
20180627_102051.jpg,5312,2988,Deo23,3153,1737,3352,2539
20180627_102051.jpg,5312,2988,Deo13,2239,552,2433,1363
20180627_102051.jpg,5312,2988,Deo16,3665,1843,3864,2505
20180627_102051.jpg,5312,2988,Deo22,884,1795,1092,2725
20180627_102051.jpg,5312,2988,Deo23,1713,1777,1920,2656
20180627_102051.jpg,5312,2988,Deo20,1248,489,1453,1357
20180627_102051.jpg,5312,2988,Deo19,2529,568,2725,1331
20180627_102051.jpg,5312,2988,Deo3,895,483,1094,1347
20180627_102051.jpg,5312,2988,Deo23,2645,1742,2839,2563
20180627_102051.jpg,5312,2988,Deo18,3594,632,3795,1370
20180627_102051.jpg,5312,2988,Deo9,3081,837,3291,1376
20180627_102051.jpg,5312,2988,Deo36,1333,1928,1551,2685
20180627_102051.jpg,5312,2988,Deo14,1918,635,2138,1389
20180627_102051.jpg,5312,2988,Deo-1,3408,32,3572,292
20180627_102126.jpg,5312,2988,Deo18,2494,563,2688,1368
20180627_102126.jpg,5312,2988,Deo8,1591,611,1806,1357
20180627_102126.jpg,5312,2988,Deo3,2359,1857,2563,2603
20180627_102126.jpg,5312,2988,Deo31,2011,1849,2212,2643
20180627_102126.jpg,5312,2988,Deo16,3660,1846,3857,2507
20180627_102126.jpg,5312,2988,Deo19,951,1787,1155,2706
20180627_102126.jpg,5312,2988,Deo13,2226,560,2422,1370
20180627_102126.jpg,5312,2988,Deo20,1198,486,1397,1355
20180627_102126.jpg,5312,2988,Deo20,3402,1724,3594,2534
20180627_102126.jpg,5312,2988,Deo25,2898,1734,3086,2558
20180627_102126.jpg,5312,2988,Deo18,2760,576,2969,1365
20180627_102126.jpg,5312,2988,Deo19,3145,1734,3344,2531
20180627_102126.jpg,5312,2988,Deo18,3586,622,3785,1363
20180627_102126.jpg,5312,2988,Deo23,1713,1782,1918,2653
20180627_102126.jpg,5312,2988,Deo9,3068,845,3278,1357
20180627_102126.jpg,5312,2988,Deo29,3347,677,3543,1368
20180627_102126.jpg,5312,2988,Deo32,1333,1926,1548,2685
20180627_102126.jpg,5312,2988,Deo23,2640,1732,2837,2574
20180627_102126.jpg,5312,2988,Deo22,850,452,1068,1349
20180627_102126.jpg,5312,2988,Deo14,1918,640,2125,1381
20180627_102126.jpg,5312,2988,Deo-1,3402,32,3567,295
20180627_102214.jpg,5312,2988,Deo18,2212,555,2406,1365
20180627_102214.jpg,5312,2988,Deo3,940,1894,1137,2712
20180627_102214.jpg,5312,2988,Deo8,1607,595,1814,1360
20180627_102214.jpg,5312,2988,Deo20,1206,478,1405,1347
20180627_102214.jpg,5312,2988,Deo23,2906,1737,3097,2568
20180627_102214.jpg,5312,2988,Deo13,2483,576,2680,1370
20180627_102214.jpg,5312,2988,Deo4,2807,574,3004,1357
20180627_102214.jpg,5312,2988,Deo16,3668,1846,3872,2515
20180627_102214.jpg,5312,2988,Deo31,2021,1870,2218,2656
20180627_102214.jpg,5312,2988,Deo19,3155,1745,3355,2542
20180627_102214.jpg,5312,2988,Deo29,3355,675,3551,1376
20180627_102214.jpg,5312,2988,Deo23,3410,1745,3604,2544
20180627_102214.jpg,5312,2988,Deo9,3076,850,3288,1384
20180627_102214.jpg,5312,2988,Deo23,2648,1737,2842,2595
20180627_102214.jpg,5312,2988,Deo23,1718,1785,1923,2643
20180627_102214.jpg,5312,2988,Deo18,3596,627,3798,1357
20180627_102214.jpg,5312,2988,Deo17,2361,1750,2560,2616
20180627_102214.jpg,5312,2988,Deo36,1344,1934,1559,2693
20180627_102214.jpg,5312,2988,Deo14,900,550,1116,1392
20180627_102214.jpg,5312,2988,Deo22,1928,523,2127,1355
20180627_102214.jpg,5312,2988,Deo-1,3408,29,3575,300
20180627_102257.jpg,5312,2988,Deo8,1973,616,2175,1363
20180627_102257.jpg,5312,2988,Deo18,2635,1764,2829,2590
20180627_102257.jpg,5312,2988,Deo3,2544,661,2744,1360
20180627_102257.jpg,5312,2988,Deo31,2016,1867,2212,2653
20180627_102257.jpg,5312,2988,Deo20,1214,494,1410,1365
20180627_102257.jpg,5312,2988,Deo19,3108,582,3299,1355
20180627_102257.jpg,5312,2988,Deo17,2351,1769,2552,2603
20180627_102257.jpg,5312,2988,Deo36,1716,1777,1920,2656
20180627_102257.jpg,5312,2988,Deo14,922,1915,1131,2720
20180627_102257.jpg,5312,2988,Deo13,1618,518,1819,1349
20180627_102257.jpg,5312,2988,Deo16,821,579,1033,1355
20180627_102257.jpg,5312,2988,Deo23,3208,1750,3397,2550
20180627_102257.jpg,5312,2988,Deo29,3355,667,3554,1365
20180627_102257.jpg,5312,2988,Deo23,3692,1745,3891,2499
20180627_102257.jpg,5312,2988,Deo22,2263,529,2459,1347
20180627_102257.jpg,5312,2988,Deo36,1333,1934,1554,2693
20180627_102257.jpg,5312,2988,Deo23,2959,1737,3158,2539
20180627_102257.jpg,5312,2988,Deo18,3588,627,3790,1368
20180627_102257.jpg,5312,2988,Deo25,3442,1726,3625,2510
20180627_102257.jpg,5312,2988,Deo9,2829,829,3038,1381
20180627_102257.jpg,5312,2988,Deo-1,3405,32,3572,295
20180627_111646.jpg,5312,2988,Deo25,3291,1602,3506,2677
20180627_111646.jpg,5312,2988,Deo23,2821,1618,3041,2664
20180627_111646.jpg,5312,2988,Deo20,4555,1575,4786,2648
20180627_111646.jpg,5312,2988,Deo20,3740,1625,3957,2661
20180627_111646.jpg,5312,2988,Deo3,4138,396,4380,1315
20180627_111646.jpg,5312,2988,Deo8,4521,396,4760,1339
20180627_111646.jpg,5312,2988,Deo22,911,1689,1139,2744
20180627_111646.jpg,5312,2988,Deo21,2444,1633,2688,2685
20180627_111646.jpg,5312,2988,Deo20,4165,1612,4385,2648
20180627_111646.jpg,5312,2988,Deo17,871,276,1086,1357
20180627_111646.jpg,5312,2988,Deo33,1296,1668,1514,2725
20180627_111646.jpg,5312,2988,Deo18,2104,1636,2321,2730
20180627_111646.jpg,5312,2988,Deo31,3036,446,3256,1378
20180627_111646.jpg,5312,2988,Deo17,1389,290,1602,1355
20180627_111646.jpg,5312,2988,Deo29,3347,412,3583,1349
20180627_111646.jpg,5312,2988,Deo13,1724,1668,1931,2736
20180627_111646.jpg,5312,2988,Deo36,2151,526,2361,1333
20180627_111646.jpg,5312,2988,Deo9,3721,571,3987,1368
20180627_111646.jpg,5312,2988,Deo14,1803,510,2003,1368
20180627_111646.jpg,5312,2988,Deo16,2606,441,2834,1336
20180627_111728.jpg,5312,2988,Deo3,4040,1363,4260,2252
20180627_111728.jpg,5312,2988,Deo31,2953,1365,3182,2308
20180627_111728.jpg,5312,2988,Deo8,4404,1363,4629,2244
20180627_111728.jpg,5312,2988,Deo23,3636,2481,3849,2969
20180627_111728.jpg,5312,2988,Deo45,1633,2582,1843,2988
20180627_111728.jpg,5312,2988,Deo29,3262,1339,3495,2297
20180627_111728.jpg,5312,2988,Deo45,4436,2459,4648,2953
20180627_111728.jpg,5312,2988,Deo17,1328,1254,1546,2356
20180627_111728.jpg,5312,2988,Deo17,799,1264,1017,2366
20180627_111728.jpg,5312,2988,Deo23,4042,2505,4244,2940
20180627_111728.jpg,5312,2988,Deo36,2072,1463,2297,2284
20180627_111728.jpg,5312,2988,Deo23,821,2587,1041,2988
20180627_111728.jpg,5312,2988,Deo9,3639,1583,3872,2247
20180627_111728.jpg,5312,2988,Deo14,1734,1455,1944,2311
20180627_111728.jpg,5312,2988,Deo43,2016,2576,2239,2988
20180627_111728.jpg,5312,2988,Deo51,3238,29,3482,382
20180627_111728.jpg,5312,2988,Deo16,2523,1402,2733,2284
20180627_111728.jpg,5312,2988,Deo23,1224,2547,1429,2972
20180627_111728.jpg,5312,2988,Deo23,3187,2584,3426,2951
20180627_111728.jpg,5312,2988,Deo23,2382,2566,2595,2959
20180627_111728.jpg,5312,2988,Deo-1,1830,45,2011,473
20180627_111728.jpg,5312,2988,Deo47,2579,0,2789,457
20180627_111728.jpg,5312,2988,Deo37,2752,2531,2948,2948
20180627_111728.jpg,5312,2988,Deo-1,2082,0,2268,494
20180627_111728.jpg,5312,2988,Deo-1,2337,0,2510,497
20180627_111728.jpg,5312,2988,Deo-1,1331,16,1530,483
20180627_111728.jpg,5312,2988,Deo47,2924,0,3161,454
20180627_111728.jpg,5312,2988,Deo-1,611,27,823,499
20180627_111728.jpg,5312,2988,Deo-1,1564,8,1758,467
20180627_111825.jpg,5312,2988,Deo25,3299,853,3532,2165
20180627_111825.jpg,5312,2988,Deo22,332,866,547,2250
20180627_111825.jpg,5312,2988,Deo19,2749,887,2977,2159
20180627_111825.jpg,5312,2988,Deo23,4321,858,4582,2165
20180627_111825.jpg,5312,2988,Deo20,3819,903,4061,2130
20180627_111825.jpg,5312,2988,Deo19,2292,869,2536,2141
20180627_111825.jpg,5312,2988,Deo18,1854,954,2090,2125
20180627_111825.jpg,5312,2988,Deo36,1960,42,2154,526
20180627_111825.jpg,5312,2988,Deo23,837,797,1073,2077
20180627_111825.jpg,5312,2988,Deo20,4786,943,5015,2106
20180627_111825.jpg,5312,2988,Deo34,3466,40,3671,534
20180627_111825.jpg,5312,2988,Deo8,4847,11,5054,478
20180627_111825.jpg,5312,2988,Deo13,1373,845,1572,2101
20180627_111825.jpg,5312,2988,Deo-1,680,2664,884,2967
20180627_111825.jpg,5312,2988,Deo-1,1849,2712,2072,2988
20180627_111825.jpg,5312,2988,Deo-1,924,29,1153,481
20180627_111825.jpg,5312,2988,Deo16,2489,8,2709,542
20180627_111825.jpg,5312,2988,Deo9,3965,0,4146,531
20180627_111825.jpg,5312,2988,Deo14,1445,21,1644,497
20180627_111825.jpg,5312,2988,Deo34,3052,45,3248,510
20180627_111825.jpg,5312,2988,Deo3,4393,40,4595,539
20180627_111825.jpg,5312,2988,Deo13,263,19,481,459
20180627_111825.jpg,5312,2988,Deo-1,2377,2659,2582,2961
20180627_112009.jpg,5312,2988,Deo19,3429,1001,3668,2343
20180627_112009.jpg,5312,2988,Deo22,417,1081,637,2454
20180627_112009.jpg,5312,2988,Deo19,2372,1038,2616,2332
20180627_112009.jpg,5312,2988,Deo23,3875,1036,4146,2359
20180627_112009.jpg,5312,2988,Deo23,4443,1033,4693,2335
20180627_112009.jpg,5312,2988,Deo19,2895,1036,3115,2332
20180627_112009.jpg,5312,2988,Deo18,1926,1134,2173,2335
20180627_112009.jpg,5312,2988,Deo25,908,985,1153,2284
20180627_112009.jpg,5312,2988,Deo18,4911,1116,5177,2356
20180627_112009.jpg,5312,2988,Deo8,5038,13,5246,635
20180627_112009.jpg,5312,2988,Deo14,239,27,414,667
20180627_112009.jpg,5312,2988,Deo17,3580,32,3782,627
20180627_112009.jpg,5312,2988,Deo13,1429,1057,1644,2343
20180627_112009.jpg,5312,2988,Deo16,1357,53,1575,627
20180627_112009.jpg,5312,2988,Deo9,4093,0,4271,643
20180627_112009.jpg,5312,2988,Deo36,802,0,1001,677
20180627_112009.jpg,5312,2988,Deo34,2552,64,2741,648
20180627_112009.jpg,5312,2988,Deo34,3062,45,3285,683
20180627_112009.jpg,5312,2988,Deo17,1960,53,2175,667
20180627_112009.jpg,5312,2988,Deo-1,4539,77,4752,645
20180627_112025.jpg,5312,2988,Deo3,4268,1139,4497,2204
20180627_112025.jpg,5312,2988,Deo45,1315,2555,1535,2988
20180627_112025.jpg,5312,2988,Deo45,2720,2491,2932,2975
20180627_112025.jpg,5312,2988,Deo36,789,1275,1028,2276
20180627_112025.jpg,5312,2988,Deo45,4704,2534,4927,2980
20180627_112025.jpg,5312,2988,Deo34,2884,1145,3089,2226
20180627_112025.jpg,5312,2988,Deo8,4709,1161,4985,2292
20180627_112025.jpg,5312,2988,Deo45,388,2542,622,2988
20180627_112025.jpg,5312,2988,Deo16,1312,1240,1554,2202
20180627_112025.jpg,5312,2988,Deo45,3235,2576,3450,2977
20180627_112025.jpg,5312,2988,Deo39,3676,2550,3888,2948
20180627_112025.jpg,5312,2988,Deo45,4234,2526,4443,2977
20180627_112025.jpg,5312,2988,Deo31,2361,1131,2600,2313
20180627_112025.jpg,5312,2988,Deo43,1790,2632,2029,2980
20180627_112025.jpg,5312,2988,Deo9,3753,1355,4032,2289
20180627_112025.jpg,5312,2988,Deo45,837,2542,1052,2977
20180627_112025.jpg,5312,2988,Deo45,2226,2568,2436,2975
20180627_112025.jpg,5312,2988,Deo17,3336,951,3532,2149
20180627_112025.jpg,5312,2988,Deo17,1880,946,2074,2181
20180627_112025.jpg,5312,2988,Deo14,303,1166,568,2231
20180627_112108.jpg,5312,2988,Deo25,2988,1554,3203,2550
20180627_112108.jpg,5312,2988,Deo37,3756,1540,3973,2529
20180627_112108.jpg,5312,2988,Deo20,4101,1546,4332,2558
20180627_112108.jpg,5312,2988,Deo20,2574,1551,2786,2560
20180627_112108.jpg,5312,2988,Deo3,3814,372,4056,1288
20180627_112108.jpg,5312,2988,Deo22,685,1612,927,2598
20180627_112108.jpg,5312,2988,Deo23,1062,1578,1288,2563
20180627_112108.jpg,5312,2988,Deo21,2181,1567,2385,2547
20180627_112108.jpg,5312,2988,Deo8,4202,382,4425,1278
20180627_112108.jpg,5312,2988,Deo23,3304,1570,3527,2563
20180627_112108.jpg,5312,2988,Deo18,1843,1575,2061,2595
20180627_112108.jpg,5312,2988,Deo31,2287,374,2502,1320
20180627_112108.jpg,5312,2988,Deo17,3073,210,3293,1317
20180627_112108.jpg,5312,2988,Deo13,1453,1604,1697,2616
20180627_112108.jpg,5312,2988,Deo36,948,433,1163,1291
20180627_112108.jpg,5312,2988,Deo14,526,377,733,1307
20180627_112108.jpg,5312,2988,Deo9,3402,534,3673,1331
20180627_112108.jpg,5312,2988,Deo34,2704,351,2927,1317
20180627_112108.jpg,5312,2988,Deo17,1857,218,2064,1325
20180627_112108.jpg,5312,2988,Deo16,1394,414,1612,1278
20180627_112221.jpg,5312,2988,Deo25,3293,834,3532,2135
20180627_112221.jpg,5312,2988,Deo22,414,831,637,2143
20180627_112221.jpg,5312,2988,Deo23,3737,898,3979,2133
20180627_112221.jpg,5312,2988,Deo23,4295,863,4528,2133
20180627_112221.jpg,5312,2988,Deo18,1843,932,2072,2122
20180627_112221.jpg,5312,2988,Deo32,829,42,1020,494
20180627_112221.jpg,5312,2988,Deo20,4733,898,4985,2133
20180627_112221.jpg,5312,2988,Deo19,858,876,1105,2165
20180627_112221.jpg,5312,2988,Deo34,2964,66,3177,497
20180627_112221.jpg,5312,2988,Deo17,2311,935,2526,2080
20180627_112221.jpg,5312,2988,Deo28,4831,0,5054,414
20180627_112221.jpg,5312,2988,Deo45,1854,2709,2069,2988
20180627_112221.jpg,5312,2988,Deo17,2783,837,2969,2064
20180627_112221.jpg,5312,2988,Deo14,297,40,491,481
20180627_112221.jpg,5312,2988,Deo9,3926,0,4106,486
20180627_112221.jpg,5312,2988,Deo13,1384,892,1615,2122
20180627_112221.jpg,5312,2988,Deo-1,762,2608,961,2977
20180627_112221.jpg,5312,2988,Deo19,3376,50,3567,494
20180627_112221.jpg,5312,2988,Deo34,2446,42,2640,489
20180627_112221.jpg,5312,2988,Deo16,1336,0,1554,502
20180627_112221.jpg,5312,2988,Deo20,1939,35,2122,526
20180627_112221.jpg,5312,2988,Deo3,4369,40,4568,497
20180627_112221.jpg,5312,2988,Deo-1,2353,2640,2560,2951
20180627_112545.jpg,5312,2988,Deo23,3115,1479,3333,2584
20180627_112545.jpg,5312,2988,Deo20,3174,104,3392,1208
20180627_112545.jpg,5312,2988,Deo20,4289,1501,4542,2606
20180627_112545.jpg,5312,2988,Deo3,4021,258,4263,1211
20180627_112545.jpg,5312,2988,Deo19,3936,1503,4165,2600
20180627_112545.jpg,5312,2988,Deo8,4404,266,4656,1248
20180627_112545.jpg,5312,2988,Deo22,637,1490,863,2598
20180627_112545.jpg,5312,2988,Deo23,3450,1485,3700,2595
20180627_112545.jpg,5312,2988,Deo23,1038,1506,1262,2584
20180627_112545.jpg,5312,2988,Deo9,3602,420,3864,1232
20180627_112545.jpg,5312,2988,Deo34,2845,220,3060,1227
20180627_112545.jpg,5312,2988,Deo21,1963,104,2167,1169
20180627_112545.jpg,5312,2988,Deo14,513,212,752,1137
20180627_112545.jpg,5312,2988,Deo17,2659,1461,2874,2606
20180627_112545.jpg,5312,2988,Deo31,2396,247,2608,1264
20180627_112545.jpg,5312,2988,Deo16,1437,231,1679,1185
20180627_112545.jpg,5312,2988,Deo18,1883,1498,2093,2603
20180627_112545.jpg,5312,2988,Deo18,2287,1461,2505,2598
20180627_112545.jpg,5312,2988,Deo13,1485,1506,1689,2600
20180627_112545.jpg,5312,2988,Deo36,977,239,1187,1155
20180627_112704.jpg,5312,2988,Deo25,2550,529,2768,1485
20180627_112704.jpg,5312,2988,Deo23,3891,1700,4101,2616
20180627_112704.jpg,5312,2988,Deo3,3936,614,4157,1461
20180627_112704.jpg,5312,2988,Deo20,4199,1713,4420,2643
20180627_112704.jpg,5312,2988,Deo20,3203,518,3416,1469
20180627_112704.jpg,5312,2988,Deo18,2119,1716,2329,2645
20180627_112704.jpg,5312,2988,Deo8,4268,656,4497,1448
20180627_112704.jpg,5312,2988,Deo23,1432,1716,1649,2603
20180627_112704.jpg,5312,2988,Deo31,2738,1814,2951,2656
20180627_112704.jpg,5312,2988,Deo22,1105,1732,1331,2672
20180627_112704.jpg,5312,2988,Deo17,3046,1716,3259,2635
20180627_112704.jpg,5312,2988,Deo20,988,542,1201,1493
20180627_112704.jpg,5312,2988,Deo21,2167,555,2372,1474
20180627_112704.jpg,5312,2988,Deo13,3564,552,3777,1482
20180627_112704.jpg,5312,2988,Deo9,1801,2027,2019,2635
20180627_112704.jpg,5312,2988,Deo14,3479,1830,3684,2640
20180627_112704.jpg,5312,2988,Deo29,2895,632,3121,1509
20180627_112704.jpg,5312,2988,Deo17,2444,1734,2661,2637
20180627_112704.jpg,5312,2988,Deo16,1724,637,1957,1511
20180627_112704.jpg,5312,2988,Deo36,1347,696,1556,1479
20180627_112855.jpg,5312,2988,Deo25,2295,359,2507,1323
20180627_112855.jpg,5312,2988,Deo18,1493,340,1697,1333
20180627_112855.jpg,5312,2988,Deo23,3639,1586,3851,2494
20180627_112855.jpg,5312,2988,Deo3,3702,505,3923,1339
20180627_112855.jpg,5312,2988,Deo20,1094,329,1301,1296
20180627_112855.jpg,5312,2988,Deo8,4029,513,4271,1363
20180627_112855.jpg,5312,2988,Deo20,2980,398,3190,1320
20180627_112855.jpg,5312,2988,Deo31,2483,1671,2691,2502
20180627_112855.jpg,5312,2988,Deo22,831,1551,1057,2507
20180627_112855.jpg,5312,2988,Deo23,1166,1580,1378,2470
20180627_112855.jpg,5312,2988,Deo23,741,345,964,1307
20180627_112855.jpg,5312,2988,Deo9,1530,1857,1753,2441
20180627_112855.jpg,5312,2988,Deo17,2906,1570,3115,2515
20180627_112855.jpg,5312,2988,Deo32,3971,1750,4199,2531
20180627_112855.jpg,5312,2988,Deo16,1867,1639,2106,2502
20180627_112855.jpg,5312,2988,Deo14,3214,1697,3429,2529
20180627_112855.jpg,5312,2988,Deo17,2194,1588,2406,2486
20180627_112855.jpg,5312,2988,Deo29,2680,515,2890,1336
20180627_112855.jpg,5312,2988,Deo21,1950,380,2146,1309
20180627_112855.jpg,5312,2988,Deo13,3336,422,3551,1341
20180627_112959.jpg,5312,2988,Deo25,2457,409,2669,1450
20180627_112959.jpg,5312,2988,Deo3,3835,1854,4061,2709
20180627_112959.jpg,5312,2988,Deo20,1203,1721,1426,2691
20180627_112959.jpg,5312,2988,Deo20,1126,353,1339,1421
20180627_112959.jpg,5312,2988,Deo23,3971,422,4199,1445
20180627_112959.jpg,5312,2988,Deo20,3182,433,3400,1458
20180627_112959.jpg,5312,2988,Deo31,2635,1780,2853,2714
20180627_112959.jpg,5312,2988,Deo22,842,1702,1065,2728
20180627_112959.jpg,5312,2988,Deo8,4345,560,4590,1506
20180627_112959.jpg,5312,2988,Deo18,1984,1697,2212,2738
20180627_112959.jpg,5312,2988,Deo17,2858,412,3076,1477
20180627_112959.jpg,5312,2988,Deo19,720,388,935,1405
20180627_112959.jpg,5312,2988,Deo21,2058,414,2260,1434
20180627_112959.jpg,5312,2988,Deo13,3583,478,3809,1463
20180627_112959.jpg,5312,2988,Deo36,4244,1902,4473,2733
20180627_112959.jpg,5312,2988,Deo17,2329,1689,2560,2736
20180627_112959.jpg,5312,2988,Deo16,1567,555,1782,1424
20180627_112959.jpg,5312,2988,Deo29,3020,1827,3227,2733
20180627_112959.jpg,5312,2988,Deo14,3447,1865,3652,2704
20180627_112959.jpg,5312,2988,Deo9,1596,1944,1865,2749
20180627_113211.jpg,5312,2988,Deo25,2513,279,2722,1304
20180627_113211.jpg,5312,2988,Deo3,3915,1758,4135,2643
20180627_113211.jpg,5312,2988,Deo23,4019,327,4244,1325
20180627_113211.jpg,5312,2988,Deo37,1214,1578,1432,2614
20180627_113211.jpg,5312,2988,Deo20,1182,218,1392,1288
20180627_113211.jpg,5312,2988,Deo23,2754,1594,2975,2627
20180627_113211.jpg,5312,2988,Deo22,3102,1594,3325,2637
20180627_113211.jpg,5312,2988,Deo8,4374,441,4621,1386
20180627_113211.jpg,5312,2988,Deo20,3240,319,3450,1333
20180627_113211.jpg,5312,2988,Deo18,2016,1599,2236,2672
20180627_113211.jpg,5312,2988,Deo17,2911,287,3129,1333
20180627_113211.jpg,5312,2988,Deo13,3647,348,3859,1344
20180627_113211.jpg,5312,2988,Deo31,765,380,988,1315
20180627_113211.jpg,5312,2988,Deo29,752,1687,983,2669
20180627_113211.jpg,5312,2988,Deo20,2109,282,2305,1299
20180627_113211.jpg,5312,2988,Deo9,1623,1931,1846,2598
20180627_113211.jpg,5312,2988,Deo14,3509,1748,3729,2648
20180627_113211.jpg,5312,2988,Deo36,4340,1787,4552,2637
20180627_113211.jpg,5312,2988,Deo17,2374,1599,2600,2637
20180627_113211.jpg,5312,2988,Deo16,1607,422,1825,1286
20180627_113327.jpg,5312,2988,Deo19,1339,252,1548,1347
20180627_113327.jpg,5312,2988,Deo25,2247,321,2459,1363
20180627_113327.jpg,5312,2988,Deo22,531,244,752,1339
20180627_113327.jpg,5312,2988,Deo19,3787,374,4021,1373
20180627_113327.jpg,5312,2988,Deo23,4143,348,4380,1373
20180627_113327.jpg,5312,2988,Deo3,3668,1811,3883,2677
20180627_113327.jpg,5312,2988,Deo20,876,252,1097,1328
20180627_113327.jpg,5312,2988,Deo8,932,1750,1195,2701
20180627_113327.jpg,5312,2988,Deo18,1758,1618,1987,2698
20180627_113327.jpg,5312,2988,Deo20,2991,348,3206,1386
20180627_113327.jpg,5312,2988,Deo21,1833,290,2037,1339
20180627_113327.jpg,5312,2988,Deo31,2866,1737,3086,2680
20180627_113327.jpg,5312,2988,Deo29,544,1724,778,2696
20180627_113327.jpg,5312,2988,Deo17,2659,295,2884,1394
20180627_113327.jpg,5312,2988,Deo13,3413,372,3612,1402
20180627_113327.jpg,5312,2988,Deo14,3259,1798,3466,2691
20180627_113327.jpg,5312,2988,Deo17,2119,1644,2345,2691
20180627_113327.jpg,5312,2988,Deo16,2483,1716,2738,2685
20180627_113327.jpg,5312,2988,Deo9,1363,1976,1583,2606
20180627_113327.jpg,5312,2988,Deo32,4088,1843,4300,2669
20180627_113455.jpg,5312,2988,Deo25,2385,444,2600,1413
20180627_113455.jpg,5312,2988,Deo23,3803,470,4026,1416
20180627_113455.jpg,5312,2988,Deo22,773,335,985,1368
20180627_113455.jpg,5312,2988,Deo20,1572,367,1777,1373
20180627_113455.jpg,5312,2988,Deo3,3657,1803,3880,2616
20180627_113455.jpg,5312,2988,Deo20,1153,353,1360,1347
20180627_113455.jpg,5312,2988,Deo18,1918,1633,2141,2621
20180627_113455.jpg,5312,2988,Deo8,1166,1772,1392,2600
20180627_113455.jpg,5312,2988,Deo19,4109,470,4348,1426
20180627_113455.jpg,5312,2988,Deo31,2943,1764,3150,2614
20180627_113455.jpg,5312,2988,Deo23,3389,449,3620,1408
20180627_113455.jpg,5312,2988,Deo29,797,1695,1031,2600
20180627_113455.jpg,5312,2988,Deo21,1995,409,2207,1376
20180627_113455.jpg,5312,2988,Deo36,4053,1878,4279,2629
20180627_113455.jpg,5312,2988,Deo17,2714,457,2938,1429
20180627_113455.jpg,5312,2988,Deo13,2244,1679,2457,2603
20180627_113455.jpg,5312,2988,Deo17,3100,441,3315,1437
20180627_113455.jpg,5312,2988,Deo14,3280,1785,3509,2619
20180627_113455.jpg,5312,2988,Deo16,2592,1721,2837,2621
20180627_113455.jpg,5312,2988,Deo9,1559,1939,1769,2568
20180627_113739.jpg,5312,2988,Deo25,2390,438,2600,1437
20180627_113739.jpg,5312,2988,Deo8,1211,1880,1437,2693
20180627_113739.jpg,5312,2988,Deo18,1960,1687,2170,2683
20180627_113739.jpg,5312,2988,Deo20,3588,412,3803,1416
20180627_113739.jpg,5312,2988,Deo20,3240,417,3458,1424
20180627_113739.jpg,5312,2988,Deo3,2032,574,2244,1429
20180627_113739.jpg,5312,2988,Deo20,2606,1687,2818,2680
20180627_113739.jpg,5312,2988,Deo23,3772,1668,3981,2632
20180627_113739.jpg,5312,2988,Deo19,3920,398,4138,1392
20180627_113739.jpg,5312,2988,Deo31,1126,590,1339,1453
20180627_113739.jpg,5312,2988,Deo29,858,1857,1070,2709
20180627_113739.jpg,5312,2988,Deo21,1596,449,1798,1437
20180627_113739.jpg,5312,2988,Deo17,2794,433,3001,1463
20180627_113739.jpg,5312,2988,Deo14,3373,1787,3591,2664
20180627_113739.jpg,5312,2988,Deo17,3004,1700,3219,2667
20180627_113739.jpg,5312,2988,Deo13,2260,1697,2467,2714
20180627_113739.jpg,5312,2988,Deo16,762,568,1015,1479
20180627_113739.jpg,5312,2988,Deo9,1607,2019,1811,2648
20180627_113739.jpg,5312,2988,Deo32,4183,1811,4412,2669
20180627_113739.jpg,5312,2988,Deo22,4218,414,4430,1405
20180627_113853.jpg,5312,2988,Deo25,2228,401,2438,1331
20180627_113853.jpg,5312,2988,Deo55,3171,401,3365,1272
20180627_113853.jpg,5312,2988,Deo23,2412,1522,2608,2393
20180627_113853.jpg,5312,2988,Deo3,1902,513,2117,1336
20180627_113853.jpg,5312,2988,Deo14,2985,1575,3185,2287
20180627_113853.jpg,5312,2988,Deo8,1049,1753,1315,2664
20180627_113853.jpg,5312,2988,Deo18,1830,1586,2040,2486
20180627_113853.jpg,5312,2988,Deo21,1458,361,1673,1370
20180627_113853.jpg,5312,2988,Deo13,2125,1562,2327,2446
20180627_113853.jpg,5312,2988,Deo19,3413,417,3604,1238
20180627_113853.jpg,5312,2988,Deo17,2563,420,2773,1315
20180627_113853.jpg,5312,2988,Deo23,2900,428,3115,1286
20180627_113853.jpg,5312,2988,Deo29,680,1838,916,2691
20180627_113853.jpg,5312,2988,Deo18,2706,1519,2914,2324
20180627_113853.jpg,5312,2988,Deo31,948,483,1182,1418
20180627_113853.jpg,5312,2988,Deo19,3256,1474,3463,2218
20180627_113853.jpg,5312,2988,Deo36,3527,1578,3726,2194
20180627_113853.jpg,5312,2988,Deo22,3625,425,3811,1230
20180627_113853.jpg,5312,2988,Deo9,1485,1931,1708,2555
20180627_113853.jpg,5312,2988,Deo16,534,529,762,1400
20180627_113853.jpg,5312,2988,Deo-1,3461,2366,3803,2975
20180627_113853.jpg,5312,2988,Deo50,3163,2523,3365,2975
20180627_113853.jpg,5312,2988,Deo16,2946,2353,3153,2927
20180627_113853.jpg,5312,2988,Deo-1,2590,2465,2956,2967
20180627_113945.jpg,5312,2988,Deo18,1923,1535,2125,2374
20180627_113945.jpg,5312,2988,Deo3,2000,563,2204,1317
20180627_113945.jpg,5312,2988,Deo20,2175,1543,2372,2417
20180627_113945.jpg,5312,2988,Deo8,1453,1567,1652,2282
20180627_113945.jpg,5312,2988,Deo20,3315,398,3540,1450
20180627_113945.jpg,5312,2988,Deo23,3418,1721,3641,2661
20180627_113945.jpg,5312,2988,Deo29,1230,1527,1421,2218
20180627_113945.jpg,5312,2988,Deo23,3652,433,3883,1450
20180627_113945.jpg,5312,2988,Deo20,2996,398,3211,1416
20180627_113945.jpg,5312,2988,Deo9,1684,1748,1896,2292
20180627_113945.jpg,5312,2988,Deo38,1434,576,1620,1291
20180627_113945.jpg,5312,2988,Deo22,3997,382,4236,1471
20180627_113945.jpg,5312,2988,Deo14,2794,1737,3007,2576
20180627_113945.jpg,5312,2988,Deo17,2590,454,2805,1394
20180627_113945.jpg,5312,2988,Deo13,2428,1607,2637,2462
20180627_113945.jpg,5312,2988,Deo25,1238,481,1408,1251
20180627_113945.jpg,5312,2988,Deo17,3073,1649,3288,2614
20180627_113945.jpg,5312,2988,Deo37,1702,457,1902,1301
20180627_113945.jpg,5312,2988,Deo30,3843,1886,4069,2765
20180627_113945.jpg,5312,2988,Deo16,2311,576,2515,1370
20180627_113945.jpg,5312,2988,Deo-1,1973,2680,2186,2988
20180627_113945.jpg,5312,2988,Deo-1,2239,2656,2441,2967
20180627_114120.jpg,5312,2988,Deo3,1801,640,2013,1408
20180627_114120.jpg,5312,2988,Deo19,3870,1766,4090,2818
20180627_114120.jpg,5312,2988,Deo20,3440,1742,3668,2760
20180627_114120.jpg,5312,2988,Deo18,2072,1633,2284,2515
20180627_114120.jpg,5312,2988,Deo38,1333,1679,1535,2406
20180627_114120.jpg,5312,2988,Deo8,1562,1695,1780,2430
20180627_114120.jpg,5312,2988,Deo19,3177,404,3394,1448
20180627_114120.jpg,5312,2988,Deo20,3546,364,3764,1466
20180627_114120.jpg,5312,2988,Deo19,3910,364,4146,1469
20180627_114120.jpg,5312,2988,Deo22,4292,319,4523,1479
20180627_114120.jpg,5312,2988,Deo25,1275,571,1477,1400
20180627_114120.jpg,5312,2988,Deo13,2337,1673,2544,2552
20180627_114120.jpg,5312,2988,Deo9,1819,1886,2037,2465
20180627_114120.jpg,5312,2988,Deo33,1535,659,1734,1400
20180627_114120.jpg,5312,2988,Deo17,2736,438,2948,1477
20180627_114120.jpg,5312,2988,Deo23,2093,513,2297,1408
20180627_114120.jpg,5312,2988,Deo14,3070,1825,3296,2696
20180627_114120.jpg,5312,2988,Deo17,2730,1660,2961,2635
20180627_114120.jpg,5312,2988,Deo16,2422,603,2645,1450
20180627_114120.jpg,5312,2988,Deo42,4247,1936,4491,2892
20180627_114243.jpg,5312,2988,Deo3,2847,1734,3070,2571
20180627_114243.jpg,5312,2988,Deo18,1896,1564,2101,2433
20180627_114243.jpg,5312,2988,Deo20,3203,1641,3418,2624
20180627_114243.jpg,5312,2988,Deo23,3607,1644,3822,2669
20180627_114243.jpg,5312,2988,Deo19,3288,295,3503,1357
20180627_114243.jpg,5312,2988,Deo6,1378,611,1570,1341
20180627_114243.jpg,5312,2988,Deo22,3987,231,4207,1376
20180627_114243.jpg,5312,2988,Deo19,3633,311,3854,1363
20180627_114243.jpg,5312,2988,Deo19,2943,332,3153,1357
20180627_114243.jpg,5312,2988,Deo13,2159,1594,2364,2475
20180627_114243.jpg,5312,2988,Deo23,1910,454,2117,1347
20180627_114243.jpg,5312,2988,Deo14,1625,606,1835,1365
20180627_114243.jpg,5312,2988,Deo18,2183,444,2404,1360
20180627_114243.jpg,5312,2988,Deo23,1206,1538,1394,2337
20180627_114243.jpg,5312,2988,Deo9,1649,1825,1867,2388
20180627_114243.jpg,5312,2988,Deo8,1408,1628,1618,2372
20180627_114243.jpg,5312,2988,Deo17,2526,388,2738,1397
20180627_114243.jpg,5312,2988,Deo29,1134,622,1339,1355
20180627_114243.jpg,5312,2988,Deo16,2470,1724,2704,2531
20180627_114243.jpg,5312,2988,Deo36,3968,1849,4186,2733
20180627_114510.jpg,5312,2988,Deo25,2558,1748,2783,2648
20180627_114510.jpg,5312,2988,Deo20,3312,1780,3543,2765
20180627_114510.jpg,5312,2988,Deo23,3732,1758,3960,2807
20180627_114510.jpg,5312,2988,Deo29,1163,776,1384,1485
20180627_114510.jpg,5312,2988,Deo3,2953,1838,3187,2706
20180627_114510.jpg,5312,2988,Deo20,3336,367,3556,1474
20180627_114510.jpg,5312,2988,Deo31,1918,714,2143,1490
20180627_114510.jpg,5312,2988,Deo8,1718,1787,1950,2529
20180627_114510.jpg,5312,2988,Deo16,1230,1780,1450,2470
20180627_114510.jpg,5312,2988,Deo18,1965,1713,2186,2571
20180627_114510.jpg,5312,2988,Deo23,2967,428,3187,1471
20180627_114510.jpg,5312,2988,Deo19,3694,356,3926,1469
20180627_114510.jpg,5312,2988,Deo13,2236,1750,2462,2595
20180627_114510.jpg,5312,2988,Deo17,2542,497,2757,1493
20180627_114510.jpg,5312,2988,Deo9,1506,1939,1726,2494
20180627_114510.jpg,5312,2988,Deo36,4119,1920,4369,2903
20180627_114510.jpg,5312,2988,Deo14,1636,752,1878,1538
20180627_114510.jpg,5312,2988,Deo17,4135,197,4345,1429
20180627_114510.jpg,5312,2988,Deo19,2189,555,2444,1493
20180627_114510.jpg,5312,2988,Deo-1,1432,685,1644,1469
20180627_114550.jpg,5312,2988,Deo20,2985,518,3195,1495
20180627_114550.jpg,5312,2988,Deo3,2932,1843,3153,2645
20180627_114550.jpg,5312,2988,Deo16,1283,1742,1493,2420
20180627_114550.jpg,5312,2988,Deo18,2005,1692,2220,2502
20180627_114550.jpg,5312,2988,Deo29,1246,773,1458,1450
20180627_114550.jpg,5312,2988,Deo23,3679,441,3899,1501
20180627_114550.jpg,5312,2988,Deo20,3339,467,3554,1498
20180627_114550.jpg,5312,2988,Deo23,2568,1713,2786,2574
20180627_114550.jpg,5312,2988,Deo23,3320,1737,3530,2717
20180627_114550.jpg,5312,2988,Deo31,1976,725,2186,1466
20180627_114550.jpg,5312,2988,Deo13,2260,1721,2481,2529
20180627_114550.jpg,5312,2988,Deo23,4013,390,4242,1519
20180627_114550.jpg,5312,2988,Deo8,1766,1745,1984,2451
20180627_114550.jpg,5312,2988,Deo9,1538,1902,1756,2428
20180627_114550.jpg,5312,2988,Deo18,3700,1740,3915,2797
20180627_114550.jpg,5312,2988,Deo17,2236,595,2451,1458
20180627_114550.jpg,5312,2988,Deo22,2523,550,2730,1437
20180627_114550.jpg,5312,2988,Deo14,1708,717,1934,1509
20180627_114550.jpg,5312,2988,Deo32,4040,1928,4260,2829
20180627_114550.jpg,5312,2988,Deo50,1487,659,1705,1432
20180627_114706.jpg,5312,2988,Deo25,2813,1588,3030,2491
20180627_114706.jpg,5312,2988,Deo16,3418,436,3628,1344
20180627_114706.jpg,5312,2988,Deo3,3126,1689,3347,2446
20180627_114706.jpg,5312,2988,Deo18,2125,1625,2353,2624
20180627_114706.jpg,5312,2988,Deo20,3163,428,3373,1360
20180627_114706.jpg,5312,2988,Deo21,1453,292,1671,1389
20180627_114706.jpg,5312,2988,Deo23,3960,470,4183,1307
20180627_114706.jpg,5312,2988,Deo8,1766,1758,2029,2717
20180627_114706.jpg,5312,2988,Deo19,3681,444,3902,1304
20180627_114706.jpg,5312,2988,Deo17,2590,414,2810,1376
20180627_114706.jpg,5312,2988,Deo22,2884,380,3094,1365
20180627_114706.jpg,5312,2988,Deo31,2218,499,2441,1429
20180627_114706.jpg,5312,2988,Deo13,2462,1655,2680,2555
20180627_114706.jpg,5312,2988,Deo14,1899,494,2096,1418
20180627_114706.jpg,5312,2988,Deo17,3673,1546,3886,2364
20180627_114706.jpg,5312,2988,Deo32,3894,1679,4111,2319
20180627_114706.jpg,5312,2988,Deo9,1413,2005,1620,2720
20180627_114706.jpg,5312,2988,Deo23,3432,1533,3639,2385
20180627_114706.jpg,5312,2988,Deo37,914,1920,1116,2805
20180627_114706.jpg,5312,2988,Deo34,943,329,1177,1432
20180627_114706.jpg,5312,2988,Deo-1,3774,2560,4029,2943
20180627_114810.jpg,5312,2988,Deo25,2592,258,2797,1230
20180627_114810.jpg,5312,2988,Deo23,3198,282,3402,1182
20180627_114810.jpg,5312,2988,Deo8,1867,1644,2096,2454
20180627_114810.jpg,5312,2988,Deo31,3676,1471,3886,2162
20180627_114810.jpg,5312,2988,Deo18,2189,1463,2409,2412
20180627_114810.jpg,5312,2988,Deo23,3979,311,4183,1134
20180627_114810.jpg,5312,2988,Deo18,3126,1424,3336,2234
20180627_114810.jpg,5312,2988,Deo3,1514,356,1740,1259
20180627_114810.jpg,5312,2988,Deo18,2834,1429,3044,2289
20180627_114810.jpg,5312,2988,Deo21,2287,258,2494,1232
20180627_114810.jpg,5312,2988,Deo23,3490,329,3692,1174
20180627_114810.jpg,5312,2988,Deo18,2502,1479,2717,2340
20180627_114810.jpg,5312,2988,Deo20,3748,321,3944,1174
20180627_114810.jpg,5312,2988,Deo23,3413,1400,3620,2173
20180627_114810.jpg,5312,2988,Deo16,1041,1615,1299,2590
20180627_114810.jpg,5312,2988,Deo14,1939,393,2149,1248
20180627_114810.jpg,5312,2988,Deo29,1046,297,1288,1315
20180627_114810.jpg,5312,2988,Deo9,1525,1841,1732,2481
20180627_114810.jpg,5312,2988,Deo32,3915,1498,4119,2133
20180627_114810.jpg,5312,2988,Deo22,2898,282,3105,1190
20180627_114810.jpg,5312,2988,Deo40,3740,2393,4122,2967
20180627_114810.jpg,5312,2988,Deo-1,3442,2444,3631,2943
20180627_114810.jpg,5312,2988,Deo-1,2133,2701,2356,2975
20180627_114810.jpg,5312,2988,Deo-1,2847,2441,3232,2964
20180627_114810.jpg,5312,2988,Deo-1,3227,2303,3432,2932
20180627_114927.jpg,5312,2988,Deo25,2773,515,2985,1453
20180627_114927.jpg,5312,2988,Deo19,3113,497,3320,1397
20180627_114927.jpg,5312,2988,Deo14,3671,1652,3875,2356
20180627_114927.jpg,5312,2988,Deo19,3397,459,3604,1373
20180627_114927.jpg,5312,2988,Deo31,3934,1599,4141,2308
20180627_114927.jpg,5312,2988,Deo8,1732,1867,1984,2768
20180627_114927.jpg,5312,2988,Deo3,1278,680,1535,1591
20180627_114927.jpg,5312,2988,Deo20,3973,452,4178,1317
20180627_114927.jpg,5312,2988,Deo18,2404,1695,2629,2616
20180627_114927.jpg,5312,2988,Deo23,3700,473,3907,1352
20180627_114927.jpg,5312,2988,Deo23,2465,505,2680,1474
20180627_114927.jpg,5312,2988,Deo20,2061,523,2305,1533
20180627_114927.jpg,5312,2988,Deo17,3062,1612,3267,2473
20180627_114927.jpg,5312,2988,Deo18,3357,1583,3570,2417
20180627_114927.jpg,5312,2988,Deo13,2720,1676,2938,2539
20180627_114927.jpg,5312,2988,Deo29,1657,645,1891,1599
20180627_114927.jpg,5312,2988,Deo16,1304,1920,1572,2850
20180627_114927.jpg,5312,2988,Deo32,4178,1636,4382,2274
20180627_114927.jpg,5312,2988,Deo9,2093,2048,2311,2661
20180627_114927.jpg,5312,2988,Deo22,4231,467,4433,1288
20180627_114927.jpg,5312,2988,Deo-1,4021,2547,4401,2906
20180627_114927.jpg,5312,2988,Deo-1,3716,2661,3923,2961
20180627_114927.jpg,5312,2988,Deo-1,3503,2475,3705,2943
20180627_115055.jpg,5312,2988,Deo23,3065,454,3283,1363
20180627_115055.jpg,5312,2988,Deo3,2882,1721,3100,2489
20180627_115055.jpg,5312,2988,Deo25,2744,420,2967,1384
20180627_115055.jpg,5312,2988,Deo18,2271,1623,2486,2542
20180627_115055.jpg,5312,2988,Deo23,3341,470,3564,1355
20180627_115055.jpg,5312,2988,Deo14,3469,1684,3684,2414
20180627_115055.jpg,5312,2988,Deo20,3610,515,3822,1373
20180627_115055.jpg,5312,2988,Deo8,1556,1737,1798,2669
20180627_115055.jpg,5312,2988,Deo13,2582,1639,2799,2523
20180627_115055.jpg,5312,2988,Deo17,1591,284,1814,1370
20180627_115055.jpg,5312,2988,Deo31,2013,489,2234,1410
20180627_115055.jpg,5312,2988,Deo17,1235,242,1450,1378
20180627_115055.jpg,5312,2988,Deo23,3888,537,4098,1397
20180627_115055.jpg,5312,2988,Deo34,2348,555,2574,1410
20180627_115055.jpg,5312,2988,Deo9,1926,1936,2143,2587
20180627_115055.jpg,5312,2988,Deo23,3190,1607,3405,2438
20180627_115055.jpg,5312,2988,Deo21,3734,1543,3971,2412
20180627_115055.jpg,5312,2988,Deo32,4016,1737,4234,2380
20180627_115055.jpg,5312,2988,Deo22,4135,513,4343,1349
20180627_115055.jpg,5312,2988,Deo16,1123,1809,1333,2677
20180627_115055.jpg,5312,2988,Deo29,3700,2560,4271,2972
